Ticker,Tier,Price,P/E,Sector,Z-Score,ROIC %,Op Margin %,Avg Margin (4Y),Curr Ratio,Int Cov,Mkt Cap (B),Beta,Analyst_Rating,Target_Price,Upside_%
CORT,Fortress,40.83,46.93,Healthcare,18.75,19.57,4.92,26.14,3.141,100.0,4.3,0.26,2.16667,94.2,130.71
SGHC,Fortress,8.52,20.29,Consumer Cyclical,7.69,31.26,23.52,10.14,1.75,32.04,4.31,1.1,1.25,17.625,106.87
TTD,Fortress,27.23,30.94,Communication Services,3.72,13.19,21.8,11.35,1.71,100.0,13.31,1.09,2.15789,53.48485,96.42
INTU,Fortress,399.69,27.41,Technology,5.7,19.11,15.7,22.96,1.386,20.57,111.27,1.23,1.62857,767.53656,92.03
PEGA,Fortress,37.93,24.79,Technology,6.83,31.53,3.79,6.89,1.359,219.39,6.49,1.07,1.5,70.90909,86.95
BRBR,Fortress,17.59,12.13,Consumer Defensive,5.5,54.3,14.61,16.89,2.234,5.23,2.08,0.72,1.73333,31.42857,78.67
VEEV,Fortress,177.04,34.58,Healthcare,13.73,11.64,29.69,22.99,7.527,100.0,29.1,1.08,2.0,308.63,74.33
EXLS,Fortress,30.25,20.44,Technology,7.45,21.13,14.37,14.12,2.905,14.57,4.89,0.88,1.66667,52.14286,72.37
APP,Fortress,456.81,53.93,Communication Services,21.66,39.37,76.8,15.8,3.25,5.95,154.52,2.49,1.57143,714.0,56.3
DOCS,Fortress,25.96,21.82,Healthcare,18.29,20.77,38.89,34.85,6.63,100.0,4.89,1.39,1.71429,40.19048,54.82
MSFT,Fortress,404.37,25.29,Technology,8.31,26.37,47.09,43.52,1.386,52.84,3005.43,1.08,1.26786,596.1843,47.44
ELF,Fortress,76.82,43.4,Consumer Defensive,7.27,15.14,13.8,11.51,2.759,9.74,4.58,1.68,1.625,112.78571,46.82
BIRK,Fortress,40.0,17.94,Consumer Cyclical,3.19,12.15,22.04,24.04,2.811,7.22,7.36,1.19,1.47826,58.65038,46.63
MAT,Fortress,15.8,11.97,Consumer Cyclical,3.01,14.18,22.18,12.26,1.598,6.24,5.09,0.69,1.78571,23.0,45.57
DV,Fortress,9.61,36.96,Communication Services,6.34,7.67,11.19,12.15,3.978,80.42,1.57,0.98,2.3,13.77778,43.37
PDD,Fortress,104.57,10.53,Consumer Cyclical,3.17,41.91,23.11,20.47,2.355,100.0,148.45,-0.01,1.775,148.81044,42.31
DLO,Fortress,12.82,22.89,Technology,5.38,30.69,19.68,28.06,1.456,302.44,3.78,1.1,1.7,18.0,40.41
ANF,Fortress,91.48,8.8,Consumer Cyclical,5.16,35.93,12.0,9.51,1.384,64.65,4.31,1.16,1.91667,127.55556,39.44
DT,Fortress,37.13,61.88,Technology,5.23,6.5,14.11,9.07,1.565,,11.19,0.81,1.67647,50.54839,36.14
AMD,Fortress,213.58,81.83,Technology,16.03,6.33,17.06,6.47,2.85,32.6,348.22,1.95,1.5283,288.5,35.08
AVGO,Fortress,342.76,71.86,Technology,11.9,17.0,31.77,39.71,1.705,8.08,1625.12,1.22,1.22,458.5886,33.79
NVDA,Fortress,190.05,47.16,Technology,91.2,90.08,63.17,43.63,4.468,341.19,4627.15,2.31,1.34921,253.7938,33.54
A,Fortress,128.9,28.21,Healthcare,4.97,14.9,26.38,21.88,1.957,13.81,36.54,1.3,1.7619,169.66667,31.63
NBIX,Fortress,137.44,32.8,Healthcare,8.86,19.08,30.1,20.18,3.383,4.84,13.7,0.31,1.44444,179.58926,30.67
LRN,Fortress,85.87,13.19,Consumer Defensive,5.6,19.77,5.38,11.99,7.27,37.48,3.77,0.12,2.0,111.0,29.27
CTSH,Fortress,70.91,15.55,Technology,6.44,18.27,16.0,15.24,2.337,55.41,34.22,0.96,2.18519,91.3952,28.89
META,Fortress,668.69,28.48,Communication Services,8.84,26.87,41.31,35.77,2.599,74.76,1691.49,1.28,1.31343,859.8475,28.59
XYL,Fortress,126.77,32.34,Industrials,4.44,7.99,16.27,11.39,1.625,25.7,30.86,1.16,1.86957,161.94118,27.74
ACN,Fortress,230.43,19.06,Technology,4.79,23.31,16.97,14.6,1.411,45.94,142.9,1.24,2.03571,292.4237,26.9
CDNS,Fortress,299.65,77.03,Technology,13.74,19.35,35.09,29.17,3.048,19.37,81.65,1.0,1.53846,379.59344,26.68
GMAB,Fortress,30.06,13.18,Healthcare,11.19,22.92,44.91,35.78,6.034,77.37,18.52,0.8,1.57143,37.92857,26.18
ALKS,Fortress,34.91,17.37,Healthcare,7.25,29.32,22.6,14.92,3.672,20.65,5.76,0.46,1.52941,43.8125,25.5
DXCM,Fortress,68.15,37.86,Healthcare,5.25,20.49,20.05,13.92,1.565,38.32,26.73,1.49,1.48276,85.19231,25.01
OLLI,Fortress,113.75,31.42,Consumer Defensive,7.14,11.91,9.03,10.84,2.5,100.0,6.98,0.53,1.73333,141.33333,24.25
ISRG,Fortress,496.12,63.04,Healthcare,43.9,15.96,30.15,26.88,4.875,100.0,176.19,1.66,1.97222,611.8213,23.32
FSLR,Fortress,227.74,17.48,Technology,5.18,14.38,29.23,16.04,1.91,37.18,24.44,1.63,1.77778,280.4871,23.16
FSM,Fortress,11.41,13.58,Basic Materials,4.39,12.97,64.23,18.55,3.298,8.31,3.51,1.68,2.0,14.0,22.7
FOXA,Fortress,61.11,14.65,Communication Services,3.19,17.07,11.35,18.62,2.784,8.6,26.0,0.51,2.15789,74.9375,22.63
INFY,Fortress,15.76,20.47,Technology,9.71,36.24,18.38,21.48,1.812,91.76,63.76,0.26,2.46667,19.2899,22.4
NKE,Fortress,62.35,36.46,Consumer Cyclical,4.36,14.23,8.09,11.53,2.063,100.0,92.3,1.28,2.02564,76.15152,22.14
SHOO,Fortress,38.61,49.5,Consumer Cyclical,7.5,23.85,5.13,12.08,1.91,,2.81,1.11,2.0,47.0,21.73
IMAX,Fortress,36.49,51.39,Communication Services,3.1,7.38,27.25,7.82,3.942,5.66,1.96,0.37,1.36364,44.09091,20.83
ABNB,Fortress,119.55,28.46,Consumer Cyclical,4.55,23.64,39.68,17.47,1.392,,73.19,1.14,2.39535,143.75,20.24
TEL,Fortress,228.46,32.97,Technology,5.29,16.44,20.9,18.3,1.651,42.61,67.06,1.24,1.63158,274.57895,20.19
CMG,Fortress,37.22,32.65,Consumer Cyclical,6.99,25.78,15.21,16.25,1.235,100.0,49.22,1.0,1.73684,44.47059,19.48
AS,Fortress,39.81,72.38,Consumer Cyclical,4.71,5.6,12.87,7.29,1.511,1.74,22.08,2.85,1.29167,47.52174,19.37
ZTS,Fortress,128.67,21.63,Healthcare,6.44,31.02,39.33,36.21,3.643,14.92,57.02,0.96,2.1,152.8125,18.76
RMBS,Fortress,99.38,47.32,Technology,30.15,15.97,37.23,19.68,8.201,142.27,10.7,1.52,1.22222,117.875,18.61
ANET,Fortress,140.66,53.48,Technology,28.97,26.03,42.38,36.7,3.254,100.0,177.13,1.44,1.5,165.9924,18.01
APH,Fortress,144.04,43.13,Technology,11.12,18.6,27.49,20.72,2.979,14.88,176.31,1.21,1.77778,168.20833,16.78
LRCX,Fortress,235.12,48.28,Technology,19.59,41.53,33.87,30.48,2.256,34.43,295.32,1.78,1.61111,274.41934,16.71
DKS,Fortress,204.41,16.63,Consumer Cyclical,4.43,21.31,5.56,12.61,1.572,29.67,18.39,1.26,2.11538,238.33333,16.6
GNTX,Fortress,24.42,14.03,Consumer Cyclical,13.61,18.68,18.64,21.19,2.912,100.0,5.36,0.76,2.25,28.375,16.2
ALC,Fortress,79.39,37.8,Healthcare,3.31,5.16,12.85,9.99,2.118,7.54,39.15,0.69,1.82759,91.80118,15.63
GOOG,Fortress,311.33,28.83,Communication Services,15.08,32.4,31.57,29.51,2.005,216.8,3766.16,1.09,1.41176,357.58823,14.86
WPM,Fortress,149.11,67.78,Basic Materials,247.65,8.72,66.54,50.89,8.089,2269.82,67.79,0.98,1.4375,170.924,14.63
B,Fortress,47.64,16.26,Basic Materials,4.1,19.24,52.58,33.23,2.922,20.7,79.81,0.98,1.83333,54.60714,14.62
RMD,Fortress,259.62,25.65,Healthcare,13.02,23.58,35.16,29.4,3.06,,37.9,0.88,2.15789,297.46667,14.58
WDC,Fortress,273.74,25.87,Technology,7.78,17.32,15.4,7.61,1.455,4.17,93.59,1.84,1.61538,313.6087,14.56
VNOM,Fortress,43.85,18.05,Energy,8.01,11.51,50.63,72.8,1.879,7.82,14.3,0.43,1.38889,50.11111,14.28
GD,Fortress,346.34,22.39,Industrials,4.25,13.61,10.14,10.24,1.444,13.69,93.65,0.4,2.17391,394.406,13.88
AGI,Fortress,46.25,36.13,Basic Materials,7.11,10.53,80.68,28.96,1.717,35.88,19.42,0.94,1.38462,52.5,13.51
SVM,Fortress,11.47,0.0,Basic Materials,6.27,10.35,54.5,30.35,1.243,22.11,2.54,1.56,1.57143,13.0,13.34
PNR,Fortress,100.52,25.58,Industrials,5.08,14.55,20.09,17.83,1.607,9.11,16.48,1.22,2.0,113.68421,13.1
BWXT,Fortress,198.5,59.43,Industrials,8.78,16.2,10.91,13.47,1.708,9.83,18.15,0.83,2.0,224.44444,13.07
NVT,Fortress,112.75,43.37,Industrials,4.16,9.02,15.36,15.69,1.634,5.05,18.19,1.31,1.35714,127.00308,12.64
KLAC,Fortress,1479.5,43.08,Technology,12.71,41.28,41.31,39.01,2.828,16.37,194.39,1.46,1.93548,1665.2759,12.56
KGC,Fortress,34.82,24.35,Basic Materials,6.61,15.62,44.25,13.05,2.83,30.33,42.57,1.26,1.84211,39.18182,12.53
FND,Fortress,68.95,34.48,Consumer Cyclical,3.11,6.73,6.11,9.03,1.27,92.38,7.43,1.74,2.5,77.5,12.4
EOG,Fortress,118.22,11.73,Energy,4.2,19.98,33.22,40.18,1.624,60.55,64.55,0.47,2.125,132.62862,12.19
CGNX,Fortress,43.03,66.2,Technology,10.37,6.31,20.86,21.08,3.964,100.0,7.21,1.53,1.90476,48.05,11.67
SN,Fortress,125.31,30.94,Consumer Cyclical,6.65,22.21,16.13,10.21,1.957,9.98,17.69,1.36,1.25,139.81544,11.58
DECK,Fortress,115.36,16.41,Consumer Cyclical,13.7,44.52,31.38,20.3,2.856,354.51,16.81,1.15,2.44,128.5238,11.41
J,Fortress,142.36,37.56,Industrials,3.1,8.72,7.43,6.24,1.33,4.73,16.81,0.77,2.0,157.53333,10.66
MDT,Fortress,101.08,27.39,Healthcare,3.01,8.07,20.3,18.47,2.415,8.72,129.65,0.72,2.0,111.83333,10.64
CDE,Fortress,23.08,32.51,Basic Materials,6.36,8.89,33.28,8.68,1.999,3.58,14.82,1.22,2.0,25.5,10.49
CRH,Fortress,127.83,25.51,Basic Materials,3.65,13.21,18.0,12.3,1.453,8.7,85.41,1.18,1.58333,140.4625,9.88
GIL,Fortress,72.43,23.29,Consumer Cyclical,5.73,20.83,23.23,19.48,2.008,7.02,13.41,1.03,1.71429,79.44444,9.68
COO,Fortress,83.05,44.41,Healthcare,3.85,5.91,13.54,16.25,1.893,6.66,16.51,1.03,2.15789,91.0,9.57
AEM,Fortress,217.19,31.75,Basic Materials,7.89,10.21,53.1,29.01,2.12,33.63,109.04,0.66,1.90909,237.3077,9.26
EXEL,Fortress,42.94,15.45,Healthcare,12.4,36.6,42.89,23.03,3.752,100.0,11.56,0.42,2.15789,46.72222,8.81
DHT,Fortress,15.48,11.82,Energy,4.12,15.43,47.41,18.35,2.796,6.99,2.49,-0.08,1.2,16.78,8.4
FLS,Fortress,86.54,32.78,Industrials,4.35,11.29,16.27,7.35,2.026,6.57,11.0,1.3,1.63636,93.8,8.39
FIVE,Fortress,206.12,37.07,Consumer Cyclical,4.53,9.04,4.17,10.93,1.605,,11.37,1.13,1.91667,221.95238,7.68
TTEK,Fortress,40.42,30.39,Industrials,4.8,14.41,12.88,9.98,1.314,10.29,10.54,0.9,2.0,43.5,7.62
NEM,Fortress,124.6,19.38,Basic Materials,3.82,10.15,46.85,16.86,2.039,13.21,136.87,0.44,1.71429,133.97,7.52
BIIB,Fortress,191.2,21.75,Healthcare,3.25,6.99,19.64,23.96,2.679,6.82,28.06,0.16,2.17647,205.51724,7.49
LPX,Fortress,97.01,31.39,Industrials,7.51,24.81,4.98,26.98,2.932,43.08,6.76,1.78,2.0,104.0,7.21
STNG,Fortress,69.89,11.67,Energy,3.76,21.15,34.24,34.37,4.806,8.29,3.62,-0.29,1.5,74.875,7.13
HWM,Fortress,230.85,64.66,Industrials,11.12,17.45,25.66,18.61,2.353,8.6,92.92,1.25,1.36364,246.746,6.89
RPM,Fortress,119.26,22.98,Basic Materials,4.04,14.1,11.55,11.25,2.219,9.21,15.29,1.1,1.66667,127.35714,6.79
SHLS,Fortress,9.79,51.53,Technology,5.22,7.26,18.78,16.57,2.19,3.74,1.64,1.71,1.95238,10.4,6.23
ZM,Fortress,92.15,17.93,Technology,9.95,8.95,25.24,15.14,4.448,100.0,27.58,0.9,2.1,97.59259,5.91
INCY,Fortress,98.84,15.42,Healthcare,8.68,30.63,25.48,15.92,3.295,686.52,19.4,,2.30769,104.5,5.73
MGY,Fortress,26.96,15.58,Energy,5.1,20.06,29.62,50.75,1.536,35.32,5.14,0.91,1.73684,28.44444,5.51
IAG,Fortress,22.49,39.46,Basic Materials,5.05,20.2,35.3,7.83,1.684,374.85,13.34,1.98,1.76923,23.7,5.38
LBRT,Fortress,24.46,27.48,Energy,3.44,8.3,2.78,9.76,1.219,5.84,3.96,0.51,2.08333,25.66667,4.93
SLB,Fortress,51.56,21.94,Energy,3.19,12.08,15.99,16.01,1.326,8.69,77.1,0.7,1.58621,54.08214,4.89
NXPI,Fortress,249.75,31.42,Technology,3.64,16.43,27.62,26.82,2.046,8.79,62.97,1.46,1.51515,261.325,4.63
PAAS,Fortress,59.88,34.61,Basic Materials,6.63,7.36,30.05,7.2,2.313,10.07,25.27,1.24,2.0,62.625,4.58
EGO,Fortress,46.3,25.44,Basic Materials,3.06,8.4,39.69,19.59,2.794,22.64,9.35,1.29,2.11111,48.0,3.67
ROST,Fortress,192.54,30.08,Consumer Cyclical,6.66,27.53,11.58,11.64,1.52,44.5,62.62,0.99,1.72222,198.875,3.29
MWA,Fortress,29.44,23.18,Industrials,4.84,17.64,18.86,13.99,4.019,14.38,4.6,1.17,2.33333,30.33333,3.03
HAL,Fortress,35.03,23.35,Energy,3.51,10.93,14.9,15.99,2.04,6.03,29.48,0.75,1.96296,36.0192,2.82
BLDR,Fortress,126.94,24.09,Industrials,3.54,18.12,5.8,12.76,1.786,7.68,14.04,1.55,2.3,130.2381,2.6
ETN,Fortress,396.09,37.87,Industrials,6.2,15.38,19.87,15.59,1.319,36.12,154.2,1.18,1.8,403.79962,1.95
NXT,Fortress,119.9,30.59,Technology,7.83,30.62,19.41,14.62,2.36,50.48,18.03,2.36,1.71429,121.74074,1.54
TT,Fortress,472.54,35.93,Industrials,7.27,25.8,15.5,16.94,1.251,17.23,104.78,1.21,2.32,479.73096,1.52
MAS,Fortress,76.48,19.81,Industrials,4.22,34.07,14.78,16.58,1.805,12.24,16.01,1.28,2.47826,77.57895,1.44
ASO,Fortress,59.46,10.93,Consumer Cyclical,3.1,14.6,7.26,11.68,1.706,15.6,3.96,1.25,2.11111,60.16667,1.19
TPR,Fortress,154.67,60.18,Consumer Cyclical,4.24,6.0,28.76,17.6,1.626,3.53,31.65,1.61,1.90476,156.5,1.18
PHM,Fortress,139.32,12.53,Consumer Cyclical,6.51,17.46,16.3,20.38,7.55,4813.1,27.16,1.34,2.1875,140.92308,1.15
ALGN,Fortress,197.51,34.96,Healthcare,5.28,16.08,15.24,19.0,1.363,100.0,14.32,1.83,2.05556,198.66667,0.59
HON,Fortress,242.7,32.06,Industrials,3.68,15.33,15.41,18.84,1.316,7.82,163.55,0.93,2.16,243.53174,0.34
AU,Fortress,112.27,24.62,Basic Materials,8.24,15.64,42.49,19.41,2.581,11.39,56.68,0.62,2.0,112.57143,0.27
MHK,Fortress,134.9,20.07,Consumer Cyclical,3.06,6.87,6.66,7.93,2.246,14.32,8.38,1.21,2.23529,135.06667,0.12
MNST,Fortress,80.79,45.9,Consumer Defensive,30.43,29.15,30.74,27.67,3.185,100.0,78.93,0.45,2.07692,80.76696,-0.03
AMAT,Fortress,339.88,39.29,Technology,14.39,33.71,28.44,29.46,2.61,35.46,269.77,1.68,1.73684,335.21213,-1.37
SQM,Fortress,75.24,0.0,Basic Materials,3.57,12.53,24.44,36.54,2.823,6.18,21.49,1.02,2.35294,74.0625,-1.56
HALO,Fortress,79.51,16.77,Healthcare,5.51,29.89,61.51,49.45,1.587,31.79,9.35,0.98,2.11111,78.0,-1.9
DHI,Fortress,163.85,14.91,Consumer Cyclical,6.36,13.2,11.02,17.22,6.332,100.0,47.7,1.45,2.5,160.5,-2.04
FERG,Fortress,267.36,27.09,Industrials,5.74,22.33,9.38,9.25,1.878,13.75,53.68,1.14,1.84,261.36365,-2.24
HAS,Fortress,105.94,0.0,Consumer Cyclical,3.39,13.53,20.57,10.58,1.381,3.9,14.87,,1.42857,103.07692,-2.7
GFI,Fortress,57.27,27.4,Basic Materials,8.21,24.17,46.44,35.92,1.886,40.44,51.54,0.68,2.25,55.65625,-2.82
TOL,Fortress,161.47,11.98,Consumer Cyclical,4.26,15.08,17.67,16.61,4.108,,15.34,1.47,1.94118,155.6,-3.64
Q,Fortress,114.51,43.87,Technology,11.11,7.85,21.71,19.13,1.781,3.21,23.99,,1.33333,109.11111,-4.71
WSM,Fortress,213.16,23.53,Consumer Cyclical,7.79,42.19,16.95,17.37,1.427,,25.45,1.64,2.3913,202.94737,-4.79
GNRC,Fortress,214.99,41.11,Industrials,5.08,12.25,9.25,13.59,2.183,5.56,12.62,1.81,1.66667,202.94118,-5.6
PCAR,Fortress,129.48,28.71,Industrials,3.88,16.07,8.83,13.51,1.701,100.0,68.03,1.04,2.38095,122.15235,-5.66
TER,Fortress,321.45,92.37,Technology,36.55,19.87,28.34,24.67,1.757,170.8,51.13,1.82,1.83333,301.64706,-6.16
TEX,Fortress,69.08,29.27,Industrials,3.13,10.67,10.45,10.14,2.151,5.58,7.84,1.66,2.18182,64.753,-6.26
ADI,Fortress,337.0,74.07,Technology,7.83,6.77,30.5,27.79,2.19,9.54,165.01,1.03,1.77778,315.8125,-6.29
IR,Fortress,96.75,71.67,Industrials,3.97,8.31,20.48,16.28,2.162,6.31,38.45,1.31,2.0625,90.17,-6.8
YETI,Fortress,47.46,24.72,Consumer Cyclical,7.37,27.07,11.14,13.6,2.163,,3.85,1.77,2.375,44.21429,-6.84
MU,Fortress,410.34,38.97,Technology,11.61,14.2,44.97,7.06,2.46,21.24,461.84,1.5,1.55814,382.23077,-6.85
KEYS,Fortress,238.02,47.32,Technology,6.49,12.46,15.29,20.62,2.35,12.27,40.9,1.2,1.76923,220.6923,-7.28
TS,Fortress,48.65,13.08,Energy,6.69,14.69,20.03,21.59,4.079,42.76,24.56,0.55,2.0,44.83846,-7.83
PWR,Fortress,523.96,77.74,Industrials,6.19,11.18,7.11,5.13,1.344,6.98,78.13,1.13,1.8,479.0872,-8.56
CAT,Fortress,775.0,41.27,Industrials,5.58,25.02,14.01,16.96,1.436,27.12,363.07,1.55,2.13793,692.3204,-10.67
RIO,Fortress,99.52,15.85,Basic Materials,4.4,18.94,25.05,34.74,1.526,10.59,198.66,0.62,2.0,88.26,-11.31
SOLS,Fortress,74.95,75.71,Basic Materials,5.35,19.1,17.65,23.23,1.532,5.03,11.9,,1.83333,65.66667,-12.39
DE,Fortress,612.69,33.1,Industrials,3.23,12.82,12.38,20.82,2.262,2.97,166.08,1.0,2.16,528.26086,-13.78
GLW,Fortress,132.9,72.62,Technology,5.65,5.01,16.32,10.21,1.588,3.47,113.94,1.12,1.57143,114.46154,-13.87
VRT,Fortress,248.51,93.78,Industrials,9.95,15.17,20.49,10.02,1.831,6.09,95.01,2.09,1.48,200.15625,-19.46
CGAU,Fortress,19.84,12.32,Basic Materials,5.62,8.84,34.06,13.73,2.888,160.69,4.01,1.27,2.07692,15.75,-20.61
BWA,Fortress,66.1,93.1,Consumer Cyclical,3.08,6.02,8.41,9.01,2.051,7.42,14.3,1.06,2.28571,50.53846,-23.54
ACMR,Fortress,70.68,41.09,Technology,5.09,14.03,10.75,16.64,3.479,41.06,4.59,1.48,1.57143,46.45,-34.28
