Ticker,Tier,Price,P/E,Sector,Z-Score,ROIC %,Op Margin %,Avg Margin (4Y),Curr Ratio,Int Cov,Mkt Cap (B),Beta
WPM,Fortress,149.11,67.78,Basic Materials,247.65,8.72,66.54,50.89,8.089,2269.82,67.79,0.98
NVDA,Fortress,190.05,47.16,Technology,91.2,90.08,63.17,43.63,4.468,341.19,4627.15,2.31
ISRG,Fortress,496.12,63.04,Healthcare,43.9,15.96,30.15,26.88,4.875,100.0,176.19,1.66
ASM,Fortress,10.29,73.5,Basic Materials,42.01,11.12,32.56,6.68,2.754,38.26,1.61,2.77
TER,Fortress,321.45,92.37,Technology,36.55,19.87,28.34,24.67,1.757,170.8,51.13,1.82
FAST,Fortress,47.02,43.14,Industrials,33.64,38.3,18.95,20.46,4.852,267.94,53.99,0.89
MNST,Fortress,80.79,45.9,Consumer Defensive,30.43,29.15,30.74,27.67,3.185,100.0,78.93,0.45
RMBS,Fortress,99.38,47.32,Technology,30.15,15.97,37.23,19.68,8.201,142.27,10.7,1.52
ANET,Fortress,140.66,53.48,Technology,28.97,26.03,42.38,36.7,3.254,100.0,177.13,1.44
CPRT,Fortress,39.51,24.24,Industrials,28.72,18.04,37.29,37.83,7.939,,38.25,1.08
ODFL,Fortress,194.46,40.18,Industrials,22.72,31.47,23.27,27.6,1.436,7348.16,40.87,1.27
TSEM,Fortress,134.44,77.71,Technology,22.19,7.92,12.78,14.02,6.61,54.97,15.12,0.89
APP,Fortress,456.81,53.93,Communication Services,21.66,39.37,76.8,15.8,3.25,5.95,154.52,2.49
LRCX,Fortress,235.12,48.28,Technology,19.59,41.53,33.87,30.48,2.256,34.43,295.32,1.78
CORT,Fortress,40.83,46.93,Healthcare,18.75,19.57,4.92,26.14,3.141,100.0,4.3,0.26
DOCS,Fortress,25.96,21.82,Healthcare,18.29,20.77,38.89,34.85,6.63,100.0,4.89,1.39
CPRX,Fortress,23.93,13.99,Healthcare,16.76,26.7,44.66,36.56,6.622,100.0,2.94,0.73
AMD,Fortress,213.58,81.83,Technology,16.03,6.33,17.06,6.47,2.85,32.6,348.22,1.95
GRMN,Fortress,206.58,25.47,Technology,15.94,19.62,25.8,22.95,3.316,100.0,39.77,1.0
GOOG,Fortress,311.33,28.83,Communication Services,15.08,32.4,31.57,29.51,2.005,216.8,3766.16,1.09
AMAT,Fortress,339.88,39.29,Technology,14.39,33.71,28.44,29.46,2.61,35.46,269.77,1.68
CDNS,Fortress,299.65,77.03,Technology,13.74,19.35,35.09,29.17,3.048,19.37,81.65,1.0
VEEV,Fortress,177.04,34.58,Healthcare,13.73,11.64,29.69,22.99,7.527,100.0,29.1,1.08
DECK,Fortress,115.36,16.41,Consumer Cyclical,13.7,44.52,31.38,20.3,2.856,354.51,16.81,1.15
GNTX,Fortress,24.42,14.03,Consumer Cyclical,13.61,18.68,18.64,21.19,2.912,100.0,5.36,0.76
SCCO,Fortress,206.52,39.79,Basic Materials,13.18,34.57,54.53,47.64,3.894,17.04,170.6,1.07
CTAS,Fortress,200.36,43.37,Industrials,13.14,28.91,23.42,21.26,1.705,23.39,80.52,0.95
RMD,Fortress,259.62,25.65,Healthcare,13.02,23.58,35.16,29.4,3.06,,37.9,0.88
KLAC,Fortress,1479.5,43.08,Technology,12.71,41.28,41.31,39.01,2.828,16.37,194.39,1.46
EXEL,Fortress,42.94,15.45,Healthcare,12.4,36.6,42.89,23.03,3.752,100.0,11.56,0.42
AVGO,Fortress,342.76,71.86,Technology,11.9,17.0,31.77,39.71,1.705,8.08,1625.12,1.22
MU,Fortress,410.34,38.97,Technology,11.61,14.2,44.97,7.06,2.46,21.24,461.84,1.5
GMAB,Fortress,30.06,13.18,Healthcare,11.19,22.92,44.91,35.78,6.034,77.37,18.52,0.8
APH,Fortress,144.04,43.13,Technology,11.12,18.6,27.49,20.72,2.979,14.88,176.31,1.21
HWM,Fortress,230.85,64.66,Industrials,11.12,17.45,25.66,18.61,2.353,8.6,92.92,1.25
Q,Fortress,114.51,43.87,Technology,11.11,7.85,21.71,19.13,1.781,3.21,23.99,
CGNX,Fortress,43.03,66.2,Technology,10.37,6.31,20.86,21.08,3.964,100.0,7.21,1.53
TXN,Fortress,226.56,41.49,Technology,10.33,19.9,33.35,40.66,4.353,11.52,205.86,0.99
VRT,Fortress,248.51,93.78,Industrials,9.95,15.17,20.49,10.02,1.831,6.09,95.01,2.09
ZM,Fortress,92.15,17.93,Technology,9.95,8.95,25.24,15.14,4.448,100.0,27.58,0.9
INFY,Fortress,15.76,20.47,Technology,9.71,36.24,18.38,21.48,1.812,91.76,63.76,0.26
LOGI,Fortress,93.32,19.56,Technology,9.7,27.26,20.24,13.38,2.214,100.0,13.76,0.68
CALM,Fortress,83.18,3.51,Consumer Defensive,9.49,57.77,16.18,21.94,8.017,2620.51,3.96,0.25
EXPD,Fortress,161.89,26.37,Industrials,9.29,38.74,9.95,10.54,1.794,,21.97,1.13
PGNY,Fortress,21.55,34.76,Healthcare,9.25,15.38,6.87,5.23,2.955,100.0,1.86,0.97
AOS,Fortress,80.22,20.84,Industrials,9.16,31.95,17.95,18.75,1.497,53.97,11.24,1.34
NBIX,Fortress,137.44,32.8,Healthcare,8.86,19.08,30.1,20.18,3.383,4.84,13.7,0.31
META,Fortress,668.69,28.48,Communication Services,8.84,26.87,41.31,35.77,2.599,74.76,1691.49,1.28
BWXT,Fortress,198.5,59.43,Industrials,8.78,16.2,10.91,13.47,1.708,9.83,18.15,0.83
INCY,Fortress,98.84,15.42,Healthcare,8.68,30.63,25.48,15.92,3.295,686.52,19.4,
PLAB,Fortress,38.1,16.71,Technology,8.47,13.54,24.15,26.03,5.366,4033.44,2.25,1.51
MSFT,Fortress,404.37,25.29,Technology,8.31,26.37,47.09,43.52,1.386,52.84,3005.43,1.08
AU,Fortress,112.27,24.62,Basic Materials,8.24,15.64,42.49,19.41,2.581,11.39,56.68,0.62
GFI,Fortress,57.27,27.4,Basic Materials,8.21,24.17,46.44,35.92,1.886,40.44,51.54,0.68
VNOM,Fortress,43.85,18.05,Energy,8.01,11.51,50.63,72.8,1.879,7.82,14.3,0.43
AEM,Fortress,217.19,31.75,Basic Materials,7.89,10.21,53.1,29.01,2.12,33.63,109.04,0.66
ADI,Fortress,337.0,74.07,Technology,7.83,6.77,30.5,27.79,2.19,9.54,165.01,1.03
NXT,Fortress,119.9,30.59,Technology,7.83,30.62,19.41,14.62,2.36,50.48,18.03,2.36
WSM,Fortress,213.16,23.53,Consumer Cyclical,7.79,42.19,16.95,17.37,1.427,,25.45,1.64
WDC,Fortress,273.74,25.87,Technology,7.78,17.32,15.4,7.61,1.455,4.17,93.59,1.84
SGHC,Fortress,8.52,20.29,Consumer Cyclical,7.69,31.26,23.52,10.14,1.75,32.04,4.31,1.1
LPX,Fortress,97.01,31.39,Industrials,7.51,24.81,4.98,26.98,2.932,43.08,6.76,1.78
SHOO,Fortress,38.61,49.5,Consumer Cyclical,7.5,23.85,5.13,12.08,1.91,,2.81,1.11
EXLS,Fortress,30.25,20.44,Technology,7.45,21.13,14.37,14.12,2.905,14.57,4.89,0.88
LULU,Fortress,175.86,12.23,Consumer Cyclical,7.39,43.47,16.99,22.47,2.13,100.0,20.86,1.01
YETI,Fortress,47.46,24.72,Consumer Cyclical,7.37,27.07,11.14,13.6,2.163,,3.85,1.77
ELF,Fortress,76.82,43.4,Consumer Defensive,7.27,15.14,13.8,11.51,2.759,9.74,4.58,1.68
TT,Fortress,472.54,35.93,Industrials,7.27,25.8,15.5,16.94,1.251,17.23,104.78,1.21
ALKS,Fortress,34.91,17.37,Healthcare,7.25,29.32,22.6,14.92,3.672,20.65,5.76,0.46
OLLI,Fortress,113.75,31.42,Consumer Defensive,7.14,11.91,9.03,10.84,2.5,100.0,6.98,0.53
AGI,Fortress,46.25,36.13,Basic Materials,7.11,10.53,80.68,28.96,1.717,35.88,19.42,0.94
CMG,Fortress,37.22,32.65,Consumer Cyclical,6.99,25.78,15.21,16.25,1.235,100.0,49.22,1.0
PEGA,Fortress,37.93,24.79,Technology,6.83,31.53,3.79,6.89,1.359,219.39,6.49,1.07
TS,Fortress,48.65,13.08,Energy,6.69,14.69,20.03,21.59,4.079,42.76,24.56,0.55
ROST,Fortress,192.54,30.08,Consumer Cyclical,6.66,27.53,11.58,11.64,1.52,44.5,62.62,0.99
SN,Fortress,125.31,30.94,Consumer Cyclical,6.65,22.21,16.13,10.21,1.957,9.98,17.69,1.36
PAAS,Fortress,59.88,34.61,Basic Materials,6.63,7.36,30.05,7.2,2.313,10.07,25.27,1.24
KGC,Fortress,34.82,24.35,Basic Materials,6.61,15.62,44.25,13.05,2.83,30.33,42.57,1.26
PHM,Fortress,139.32,12.53,Consumer Cyclical,6.51,17.46,16.3,20.38,7.55,4813.1,27.16,1.34
KEYS,Fortress,238.02,47.32,Technology,6.49,12.46,15.29,20.62,2.35,12.27,40.9,1.2
ULS,Fortress,72.55,43.44,Industrials,6.46,22.82,19.8,14.74,1.328,8.55,14.58,
CTSH,Fortress,70.91,15.55,Technology,6.44,18.27,16.0,15.24,2.337,55.41,34.22,0.96
ZTS,Fortress,128.67,21.63,Healthcare,6.44,31.02,39.33,36.21,3.643,14.92,57.02,0.96
CDE,Fortress,23.08,32.51,Basic Materials,6.36,8.89,33.28,8.68,1.999,3.58,14.82,1.22
DHI,Fortress,163.85,14.91,Consumer Cyclical,6.36,13.2,11.02,17.22,6.332,100.0,47.7,1.45
DV,Fortress,9.61,36.96,Communication Services,6.34,7.67,11.19,12.15,3.978,80.42,1.57,0.98
SVM,Fortress,11.47,0.0,Basic Materials,6.27,10.35,54.5,30.35,1.243,22.11,2.54,1.56
ETN,Fortress,396.09,37.87,Industrials,6.2,15.38,19.87,15.59,1.319,36.12,154.2,1.18
PWR,Fortress,523.96,77.74,Industrials,6.19,11.18,7.11,5.13,1.344,6.98,78.13,1.13
QCOM,Fortress,141.04,28.44,Technology,5.86,32.51,27.47,28.58,2.505,20.07,150.64,1.24
HXL,Fortress,87.85,64.12,Industrials,5.77,7.85,12.5,9.21,2.264,5.96,6.99,1.03
FERG,Fortress,267.36,27.09,Industrials,5.74,22.33,9.38,9.25,1.878,13.75,53.68,1.14
GIL,Fortress,72.43,23.29,Consumer Cyclical,5.73,20.83,23.23,19.48,2.008,7.02,13.41,1.03
INTU,Fortress,399.69,27.41,Technology,5.7,19.11,15.7,22.96,1.386,20.57,111.27,1.23
GLW,Fortress,132.9,72.62,Technology,5.65,5.01,16.32,10.21,1.588,3.47,113.94,1.12
CGAU,Fortress,19.84,12.32,Basic Materials,5.62,8.84,34.06,13.73,2.888,160.69,4.01,1.27
LRN,Fortress,85.87,13.19,Consumer Defensive,5.6,19.77,5.38,11.99,7.27,37.48,3.77,0.12
CAT,Fortress,775.0,41.27,Industrials,5.58,25.02,14.01,16.96,1.436,27.12,363.07,1.55
HALO,Fortress,79.51,16.77,Healthcare,5.51,29.89,61.51,49.45,1.587,31.79,9.35,0.98
BRBR,Fortress,17.59,12.13,Consumer Defensive,5.5,54.3,14.61,16.89,2.234,5.23,2.08,0.72
FFIV,Fortress,282.67,23.38,Technology,5.4,16.81,26.04,20.93,1.554,100.0,16.06,1.01
DLO,Fortress,12.82,22.89,Technology,5.38,30.69,19.68,28.06,1.456,302.44,3.78,1.1
SOLS,Fortress,74.95,75.71,Basic Materials,5.35,19.1,17.65,23.23,1.532,5.03,11.9,
TEL,Fortress,228.46,32.97,Technology,5.29,16.44,20.9,18.3,1.651,42.61,67.06,1.24
ALGN,Fortress,197.51,34.96,Healthcare,5.28,16.08,15.24,19.0,1.363,100.0,14.32,1.83
DXCM,Fortress,68.15,37.86,Healthcare,5.25,20.49,20.05,13.92,1.565,38.32,26.73,1.49
DT,Fortress,37.13,61.88,Technology,5.23,6.5,14.11,9.07,1.565,,11.19,0.81
SHLS,Fortress,9.79,51.53,Technology,5.22,7.26,18.78,16.57,2.19,3.74,1.64,1.71
FSLR,Fortress,227.74,17.48,Technology,5.18,14.38,29.23,16.04,1.91,37.18,24.44,1.63
ANF,Fortress,91.48,8.8,Consumer Cyclical,5.16,35.93,12.0,9.51,1.384,64.65,4.31,1.16
MGY,Fortress,26.96,15.58,Energy,5.1,20.06,29.62,50.75,1.536,35.32,5.14,0.91
ACMR,Fortress,70.68,41.09,Technology,5.09,14.03,10.75,16.64,3.479,41.06,4.59,1.48
GNRC,Fortress,214.99,41.11,Industrials,5.08,12.25,9.25,13.59,2.183,5.56,12.62,1.81
PNR,Fortress,100.52,25.58,Industrials,5.08,14.55,20.09,17.83,1.607,9.11,16.48,1.22
IAG,Fortress,22.49,39.46,Basic Materials,5.05,20.2,35.3,7.83,1.684,374.85,13.34,1.98
A,Fortress,128.9,28.21,Healthcare,4.97,14.9,26.38,21.88,1.957,13.81,36.54,1.3
AMKR,Fortress,56.17,37.45,Technology,4.91,9.04,9.8,9.82,2.269,7.64,13.88,1.95
MWA,Fortress,29.44,23.18,Industrials,4.84,17.64,18.86,13.99,4.019,14.38,4.6,1.17
TTEK,Fortress,40.42,30.39,Industrials,4.8,14.41,12.88,9.98,1.314,10.29,10.54,0.9
ACN,Fortress,230.43,19.06,Technology,4.79,23.31,16.97,14.6,1.411,45.94,142.9,1.24
JHX,Fortress,26.0,59.09,Basic Materials,4.79,15.53,11.96,22.3,1.793,16.74,15.08,0.89
AS,Fortress,39.81,72.38,Consumer Cyclical,4.71,5.6,12.87,7.29,1.511,1.74,22.08,2.85
SWKS,Fortress,63.68,24.4,Technology,4.67,8.4,14.71,21.06,2.396,20.44,9.58,1.32
ABNB,Fortress,119.55,28.46,Consumer Cyclical,4.55,23.64,39.68,17.47,1.392,,73.19,1.14
SMCI,Fortress,32.04,23.39,Technology,4.55,10.89,3.74,7.73,1.697,21.34,19.19,1.52
FIVE,Fortress,206.12,37.07,Consumer Cyclical,4.53,9.04,4.17,10.93,1.605,,11.37,1.13
XYL,Fortress,126.77,32.34,Industrials,4.44,7.99,16.27,11.39,1.625,25.7,30.86,1.16
DKS,Fortress,204.41,16.63,Consumer Cyclical,4.43,21.31,5.56,12.61,1.572,29.67,18.39,1.26
YELP,Fortress,23.21,10.36,Communication Services,4.42,18.23,14.0,6.14,2.989,100.0,1.46,0.53
RIO,Fortress,99.52,15.85,Basic Materials,4.4,18.94,25.05,34.74,1.526,10.59,198.66,0.62
FSM,Fortress,11.41,13.58,Basic Materials,4.39,12.97,64.23,18.55,3.298,8.31,3.51,1.68
NKE,Fortress,62.35,36.46,Consumer Cyclical,4.36,14.23,8.09,11.53,2.063,100.0,92.3,1.28
FLS,Fortress,86.54,32.78,Industrials,4.35,11.29,16.27,7.35,2.026,6.57,11.0,1.3
URBN,Fortress,70.52,13.36,Consumer Cyclical,4.34,14.7,9.57,7.39,1.509,83.41,6.33,1.21
TOL,Fortress,161.47,11.98,Consumer Cyclical,4.26,15.08,17.67,16.61,4.108,,15.34,1.47
GD,Fortress,346.34,22.39,Industrials,4.25,13.61,10.14,10.24,1.444,13.69,93.65,0.4
LEN,Fortress,120.99,15.16,Consumer Cyclical,4.24,8.43,7.69,14.44,5.823,100.0,29.88,1.46
TPR,Fortress,154.67,60.18,Consumer Cyclical,4.24,6.0,28.76,17.6,1.626,3.53,31.65,1.61
MAS,Fortress,76.48,19.81,Industrials,4.22,34.07,14.78,16.58,1.805,12.24,16.01,1.28
EOG,Fortress,118.22,11.73,Energy,4.2,19.98,33.22,40.18,1.624,60.55,64.55,0.47
HOLX,Fortress,75.09,31.16,Healthcare,4.17,9.93,22.99,23.67,4.04,6.82,16.76,0.73
NVT,Fortress,112.75,43.37,Industrials,4.16,9.02,15.36,15.69,1.634,5.05,18.19,1.31
DRS,Fortress,37.87,38.25,Industrials,4.15,9.29,9.79,11.57,2.002,13.57,10.08,0.27
DHT,Fortress,15.48,11.82,Energy,4.12,15.43,47.41,18.35,2.796,6.99,2.49,-0.08
B,Fortress,47.64,16.26,Basic Materials,4.1,19.24,52.58,33.23,2.922,20.7,79.81,0.98
BAH,Fortress,79.79,11.84,Industrials,4.04,25.78,9.73,8.49,1.807,7.42,9.83,0.35
RPM,Fortress,119.26,22.98,Basic Materials,4.04,14.1,11.55,11.25,2.219,9.21,15.29,1.1
AEO,Fortress,23.84,21.1,Consumer Cyclical,3.99,15.09,8.26,8.18,1.634,,4.04,1.38
IR,Fortress,96.75,71.67,Industrials,3.97,8.31,20.48,16.28,2.162,6.31,38.45,1.31
OPCH,Fortress,34.67,27.52,Healthcare,3.92,12.59,5.89,6.35,1.557,6.78,5.63,0.84
PCAR,Fortress,129.48,28.71,Industrials,3.88,16.07,8.83,13.51,1.701,100.0,68.03,1.04
COO,Fortress,83.05,44.41,Healthcare,3.85,5.91,13.54,16.25,1.893,6.66,16.51,1.03
KBH,Fortress,63.92,10.39,Consumer Cyclical,3.82,9.03,8.35,11.66,6.618,100.0,4.14,1.49
NEM,Fortress,124.6,19.38,Basic Materials,3.82,10.15,46.85,16.86,2.039,13.21,136.87,0.44
BHP,Fortress,75.13,21.16,Basic Materials,3.76,21.71,37.7,42.42,1.46,10.79,193.0,0.68
STNG,Fortress,69.89,11.67,Energy,3.76,21.15,34.24,34.37,4.806,8.29,3.62,-0.29
TTD,Fortress,27.23,30.94,Communication Services,3.72,13.19,21.8,11.35,1.71,100.0,13.31,1.09
CNM,Fortress,57.84,25.37,Industrials,3.69,14.37,10.67,10.21,2.265,5.06,11.42,0.98
HON,Fortress,242.7,32.06,Industrials,3.68,15.33,15.41,18.84,1.316,7.82,163.55,0.93
CRH,Fortress,127.83,25.51,Basic Materials,3.65,13.21,18.0,12.3,1.453,8.7,85.41,1.18
NXPI,Fortress,249.75,31.42,Technology,3.64,16.43,27.62,26.82,2.046,8.79,62.97,1.46
WLTH,Fortress,7.88,0.0,Technology,3.63,54.22,33.72,38.49,1.685,50.55,1.18,
SQM,Fortress,75.24,0.0,Basic Materials,3.57,12.53,24.44,36.54,2.823,6.18,21.49,1.02
BLDR,Fortress,126.94,24.09,Industrials,3.54,18.12,5.8,12.76,1.786,7.68,14.04,1.55
CROX,Fortress,82.73,28.73,Consumer Cyclical,3.53,25.05,20.84,26.13,1.404,9.33,4.52,1.55
HAL,Fortress,35.03,23.35,Energy,3.51,10.93,14.9,15.99,2.04,6.03,29.48,0.75
HRL,Fortress,23.95,27.53,Consumer Defensive,3.5,6.17,7.22,8.74,2.466,9.5,13.18,0.33
KMT,Fortress,40.26,28.15,Industrials,3.44,7.39,10.23,9.26,2.552,6.29,3.07,1.5
LBRT,Fortress,24.46,27.48,Energy,3.44,8.3,2.78,9.76,1.219,5.84,3.96,0.51
HAS,Fortress,105.94,0.0,Consumer Cyclical,3.39,13.53,20.57,10.58,1.381,3.9,14.87,
ALC,Fortress,79.39,37.8,Healthcare,3.31,5.16,12.85,9.99,2.118,7.54,39.15,0.69
VSNT,Fortress,28.4,4.85,Communication Services,3.28,14.53,9.8,27.36,2.18,8.63,4.1,
BIIB,Fortress,191.2,21.75,Healthcare,3.25,6.99,19.64,23.96,2.679,6.82,28.06,0.16
HAFN,Fortress,6.63,10.87,Industrials,3.25,27.25,16.77,24.63,1.476,15.86,3.32,-0.27
DE,Fortress,612.69,33.1,Industrials,3.23,12.82,12.38,20.82,2.262,2.97,166.08,1.0
HSIC,Fortress,81.69,25.77,Healthcare,3.21,8.69,6.14,6.32,1.396,4.92,9.91,0.89
BIRK,Fortress,40.0,17.94,Consumer Cyclical,3.19,12.15,22.04,24.04,2.811,7.22,7.36,1.19
FOXA,Fortress,61.11,14.65,Communication Services,3.19,17.07,11.35,18.62,2.784,8.6,26.0,0.51
FOX,Fortress,55.45,13.3,Communication Services,3.19,17.07,11.35,18.62,2.784,8.6,25.89,0.51
SLB,Fortress,51.56,21.94,Energy,3.19,12.08,15.99,16.01,1.326,8.69,77.1,0.7
PDD,Fortress,104.57,10.53,Consumer Cyclical,3.17,41.91,23.11,20.47,2.355,100.0,148.45,-0.01
VAL,Fortress,88.42,15.82,Energy,3.16,12.16,21.14,6.86,1.871,5.37,6.3,1.18
ARMN,Fortress,20.07,74.33,Basic Materials,3.13,5.73,40.92,29.55,2.415,3.9,4.11,1.68
TEX,Fortress,69.08,29.27,Industrials,3.13,10.67,10.45,10.14,2.151,5.58,7.84,1.66
FND,Fortress,68.95,34.48,Consumer Cyclical,3.11,6.73,6.11,9.03,1.27,92.38,7.43,1.74
ASO,Fortress,59.46,10.93,Consumer Cyclical,3.1,14.6,7.26,11.68,1.706,15.6,3.96,1.25
IMAX,Fortress,36.49,51.39,Communication Services,3.1,7.38,27.25,7.82,3.942,5.66,1.96,0.37
J,Fortress,142.36,37.56,Industrials,3.1,8.72,7.43,6.24,1.33,4.73,16.81,0.77
TGNA,Fortress,20.79,9.95,Communication Services,3.1,13.73,15.89,25.73,2.218,5.57,3.35,0.14
BWA,Fortress,66.1,93.1,Consumer Cyclical,3.08,6.02,8.41,9.01,2.051,7.42,14.3,1.06
CF,Fortress,96.93,11.72,Basic Materials,3.08,15.03,33.94,36.5,2.273,13.68,15.7,0.69
EGO,Fortress,46.3,25.44,Basic Materials,3.06,8.4,39.69,19.59,2.794,22.64,9.35,1.29
MHK,Fortress,134.9,20.07,Consumer Cyclical,3.06,6.87,6.66,7.93,2.246,14.32,8.38,1.21
MAT,Fortress,15.8,11.97,Consumer Cyclical,3.01,14.18,22.18,12.26,1.598,6.24,5.09,0.69
MDT,Fortress,101.08,27.39,Healthcare,3.01,8.07,20.3,18.47,2.415,8.72,129.65,0.72
